{
  "project_info": {
    "project_number": "354304553217",
    "project_id": "musicly-ca8b1",
    "storage_bucket": "musicly-ca8b1.appspot.com"
  },
  "client": [
    {
      "client_info": {
        "mobilesdk_app_id": "1:354304553217:android:0cb2e9d34192807408eb00",
        "android_client_info": {
          "package_name": "com.example.Musicly"
        }
      },
      "oauth_client": [
        {
          "client_id": "354304553217-098phjmulak2pn8e5mt7v8ctsasrm5p3.apps.googleusercontent.com",
          "client_type": 3
        }
      ],
      "api_key": [
        {
          "current_key": "AIzaSyAzS0fOf0iVhVO-VzV5dk6-4xDBcPwWJOg"
        }
      ],
      "services": {
        "appinvite_service": {
          "other_platform_oauth_client": [
            {
              "client_id": "354304553217-098phjmulak2pn8e5mt7v8ctsasrm5p3.apps.googleusercontent.com",
              "client_type": 3
            }
          ]
        }
      }
    },
    {
      "client_info": {
        "mobilesdk_app_id": "1:354304553217:android:dcef7da24b9f21d308eb00",
        "android_client_info": {
          "package_name": "com.example.easytutomusicapp"
        }
      },
      "oauth_client": [
        {
          "client_id": "354304553217-098phjmulak2pn8e5mt7v8ctsasrm5p3.apps.googleusercontent.com",
          "client_type": 3
        }
      ],
      "api_key": [
        {
          "current_key": "AIzaSyAzS0fOf0iVhVO-VzV5dk6-4xDBcPwWJOg"
        }
      ],
      "services": {
        "appinvite_service": {
          "other_platform_oauth_client": [
            {
              "client_id": "354304553217-098phjmulak2pn8e5mt7v8ctsasrm5p3.apps.googleusercontent.com",
              "client_type": 3
            }
          ]
        }
      }
    }
  ],
  "configuration_version": "1"
}